﻿Area;manure_emissions
Afghanistan;3903.6969
Albania;932.7277
Algeria;4390.6531
Angola;3814.7528
Antigua and Barbuda;7.3369
Argentina;27447.3217
Armenia;449.1627
Australia;28350.6259
Austria;2391.0663
Azerbaijan;2361.4528
Bahamas;14.908
Bahrain;53.579
Bangladesh;13120.8775
Barbados;31.278
Belarus;3787.1799
Belgium;3553.2196
Belize;68.6427
Benin;1666.8437
Bhutan;105.56
Bolivia (Plurinational State of);7213.0135
Bosnia and Herzegovina;759.7383
Botswana;669.9438
Brazil;113124.2707
Brunei Darussalam;70.2252
Bulgaria;772.6185
Burkina Faso;7976.7252
Burundi;896.5791
Cabo Verde;48.813
Cambodia;2415.6125
Cameroon;3974.5615
Canada;13235.1668
Central African Republic;3077.0279
Chad;23132.2378
Chile;3106.9008
China;133482.7938
China, Hong Kong SAR;35.8982
China, Macao SAR;3.2378
China, mainland;131805.8875
China, Taiwan Province of;1637.7702
Colombia;14420.6523
Comoros;39.9962
Congo;237.6659
Cook Islands;7.5321
Costa Rica;928.64
Côte d'Ivoire;1457.7134
Croatia;782.1698
Cuba;2702.9663
Cyprus;195.1635
Czechia;1322.643
Democratic People's Republic of Korea;1034.8458
Democratic Republic of the Congo;1282.0485
Denmark;4646.7533
Djibouti;239.6345
Dominica;9.9486
Dominican Republic;2353.3093
Ecuador;2894.3342
Egypt;5786.8409
El Salvador;506.7398
Equatorial Guinea;9.9787
Eritrea;1502.8785
Estonia;313.7313
Eswatini;340.5416
Ethiopia;36619.2728
Faroe Islands;8.5577
Fiji;221.2364
Finland;1068.0505
France;19933.508
French Guyana;10.032
French Polynesia;23.0241
Gabon;110.0831
Gambia;267.0556
Georgia;689.5609
Germany;17928.3839
Ghana;2634.8574
Greece;2073.1874
Grenada;5.7206
Guadeloupe;37.5318
Guatemala;2605.0008
Guinea;4253.0624
Guinea-Bissau;569.1886
Guyana;179.0493
Haiti;1308.8626
Honduras;1629.6332
Hungary;1502.5638
Iceland;137.0665
India;110034.6025
Indonesia;29318.4255
Iran (Islamic Republic of);10634.097
Iraq;2094.8955
Ireland;5970.3634
Israel;657.754
Italy;9214.4664
Jamaica;211.6416
Japan;4550.3303
Jordan;468.3659
Kazakhstan;6665.5672
Kenya;16751.3852
Kiribati;9.2315
Kuwait;323.9637
Kyrgyzstan;1626.5399
Lao People's Democratic Republic;2633.7453
Latvia;460.8289
Lebanon;425.7641
Lesotho;463.3346
Liberia;218.5267
Libya;1154.058
Lithuania;795.4183
Luxembourg;182.1849
Madagascar;5260.5197
Malawi;3382.1753
Malaysia;2148.0061
Mali;10472.3581
Malta;34.941
Martinique;10.0867
Mauritania;3018.9551
Mauritius;79.9259
Mexico;25743.3549
Micronesia (Federated States of);34.0766
Mongolia;9025.3299
Montenegro;127.8836
Morocco;5410.5722
Mozambique;1844.1096
Myanmar;20380.2257
Namibia;1670.3809
Nauru;1.4323
Nepal;4876.6261
Netherlands;7251.6384
New Caledonia;80.7032
New Zealand;13542.4743
Nicaragua;2614.1115
Niger;10623.2041
Nigeria;23724.7865
Niue;1.2571
North Macedonia;347.5852
Norway;1270.0125
Oman;603.2407
Pakistan;41951.4561
Palestine;142.6193
Panama;866.3611
Papua New Guinea;1088.8128
Paraguay;6448.9442
Peru;6092.0775
Philippines;6831.9513
Poland;7715.9771
Portugal;2439.0222
Puerto Rico;234.8565
Qatar;219.5441
Republic of Korea;3737.6735
Republic of Moldova;456.1306
Réunion;119.0633
Romania;4173.6738
Russian Federation;23007.0074
Rwanda;1225.0866
Saint Kitts and Nevis;3.592
Saint Lucia;12.1423
Saint Vincent and the Grenadines;5.8314
Samoa;124.951
Sao Tome and Principe;12.3153
Saudi Arabia;2400.6654
Senegal;3530.9881
Serbia;1907.9688
Seychelles;2.0503
Sierra Leone;726.4584
Singapore;18.9122
Slovakia;533.2383
Slovenia;474.8712
Solomon Islands;38.8834
Somalia;6117.4462
South Africa;8880.4618
South Sudan;9807.282
Spain;15788.579
Sri Lanka;510.7633
Sudan;24108.2567
Suriname;53.3549
Sweden;1559.6457
Switzerland;1803.4874
Syrian Arab Republic;1872.1889
Tajikistan;1910.9829
Thailand;5943.7557
Timor-Leste;287.604
Togo;1142.294
Tokelau;0.4826
Tonga;51.2485
Trinidad and Tobago;173.4653
Tunisia;1728.9008
Türkiye;15056.3947
Turkmenistan;2786.105
Tuvalu;6.9152
Uganda;10160.6628
Ukraine;5535.5496
United Arab Emirates;702.4026
United Kingdom of Great Britain and Northern Ireland;13090.965
United Republic of Tanzania;15724.3259
United States of America;104632.9791
Uruguay;5748.1105
Uzbekistan;9565.94
Vanuatu;189.6535
Venezuela (Bolivarian Republic of);8624.9746
Viet Nam;10714.2179
Yemen;2733.8472
Zambia;2373.5774
Zimbabwe;3195.7117
