Area;Item;Y2019_emissions;Y2019_calories;Y2019_land_use;Y2019_production;Y2019_wateruse;Pourcentage
Afghanistan;Animal Products;11913.550740789853;290.0;30000.0;3327762.0;216843.0;0.3
Afghanistan;Vegetal Products;4557.690559210148;2083.0;8010.0;11841453.0;1238107.0;0.3
Albania;Animal Products;2298.5618879422404;1708.0;698.1;1434262.0;154062.0;0.3
Albania;Vegetal Products;1105.6316120577596;2296.0;475.9;2982577.0;763575.0;0.3
Algeria;Animal Products;8492.137442320696;634.0;32841.83;4766834.0;414449.0;0.3
Algeria;Vegetal Products;5204.309557679304;3103.0;8517.017;26706592.0;1003740.0;0.3
American Samoa;Animal Products;4.9265238;;0.439;;;0.3
American Samoa;Vegetal Products;4.3011762;;3.5711;;;0.3
Andorra;Animal Products;3.9457299999999997;;18.51;;;0.3
Andorra;Vegetal Products;16.821270000000002;;0.29000000000000004;;;0.3
Angola;Animal Products;45675.23515354728;203.0;52304.227999999996;650688.0;214734.0;0.3
Angola;Vegetal Products;39497.92594645272;2224.0;4648.262;23007705.0;3114306.0;0.3
Anguilla;Animal Products;0.7657570000000001;;;;;0.3
Anguilla;Vegetal Products;3.2645430000000006;;;;;0.3
Antigua and Barbuda;Animal Products;15.541813563515717;782.0;4.4626;3722.0;168987.0;0.3
Antigua and Barbuda;Vegetal Products;8.681286436484283;1749.0;4.5374;14061.0;10610.0;0.3
Argentina;Animal Products;125982.83034519458;1287.0;78425.0;20782706.0;91760.0;0.3
Argentina;Vegetal Products;81485.31115480541;2284.0;29956.7597;256378547.0;624178.0;0.3
Armenia;Animal Products;1188.8168183454575;1377.0;1172.0;874029.0;199733.0;0.3
Armenia;Vegetal Products;1039.3900816545427;2029.0;504.8;1894561.0;221394.0;0.3
Aruba;Animal Products;1.286566;;0.2313;;;0.3
Aruba;Vegetal Products;5.484834;;1.7686000000000002;;;0.3
Australia;Animal Products;95980.58714833378;1479.0;331557.0;19058420.0;164227.0;0.3
Australia;Vegetal Products;65579.59265166621;2301.0;30920.0;87554936.0;157630.0;0.3
Austria;Animal Products;5497.533341383149;1494.0;1413.58;5063848.0;79340.0;0.3
Austria;Vegetal Products;3274.354558616851;2530.0;1237.6299999999999;11752477.0;92603.0;0.3
Azerbaijan;Animal Products;5503.848937826728;862.0;2423.4;3290751.0;182623.0;0.3
Azerbaijan;Vegetal Products;3573.9349621732713;2565.0;2356.4;9095734.0;99444.0;0.3
Bahamas;Animal Products;19.05911258346686;855.0;2.9253;10717.0;184995.0;0.3
Bahamas;Vegetal Products;84.56378741653313;1825.0;11.0747;149301.0;66084.0;0.3
Bahrain;Animal Products;167.03847887693618;;4.1851;67688.0;;0.3
Bahrain;Vegetal Products;86.52632112306384;;4.414899999999999;40516.0;;0.3
Bangladesh;Animal Products;46862.6717353139;129.0;2074.4094999999998;5739952.0;125529.0;0.3
Bangladesh;Vegetal Products;70570.72476468609;2501.0;7770.5905;125358999.0;155236.0;0.3
Barbados;Animal Products;32.37158641792187;839.0;2.8096;32093.0;193385.0;0.3
Barbados;Vegetal Products;35.96941358207813;2204.0;7.1904;137800.0;10691.0;0.3
Belarus;Animal Products;26282.031752900875;1032.0;3928.8467;12355544.0;131503.0;0.3
Belarus;Vegetal Products;18825.764647099128;2448.0;4459.1533;23771239.0;145735.0;0.3
Belgium;Animal Products;6900.735521188382;1655.0;571.2559;6461463.0;93899.0;0.3
Belgium;Vegetal Products;4815.992278811617;2534.0;785.1668000000001;16143157.0;59111.0;0.3
Belize;Animal Products;3069.153536561759;760.0;60.4095;32957.0;223181.0;0.3
Belize;Vegetal Products;2724.069463438241;2098.0;111.59049999999999;2471878.0;203953.0;0.3
Benin;Animal Products;9000.533253800915;131.0;873.8503000000001;272944.0;259593.0;0.3
Benin;Vegetal Products;7884.216546199086;2644.0;3076.1497;15890092.0;295328.0;0.3
Bermuda;Animal Products;8.664437;;0.0347;;;0.3
Bermuda;Vegetal Products;36.945763;;0.2653;;;0.3
Bhutan;Animal Products;418.5603243293819;;415.3;206420.0;1873694.0;0.3
Bhutan;Vegetal Products;138.54887567061806;;97.7;412345.0;467758.0;0.3
Bolivia (Plurinational State of);Animal Products;63486.67155640839;639.0;33000.0;1845999.0;772299.0;0.3
Bolivia (Plurinational State of);Vegetal Products;45879.19534359161;1910.0;4787.0;24782452.0;402356.0;0.3
Bosnia and Herzegovina;Animal Products;1607.9610340295023;927.0;1095.0;799187.0;185573.0;0.3
Bosnia and Herzegovina;Vegetal Products;1267.1061659704976;2704.0;1121.0;3469613.0;28898.0;0.3
Botswana;Animal Products;24398.296157749344;569.0;25600.0;442601.0;228722.0;0.3
Botswana;Vegetal Products;20203.275242250656;2193.0;262.0;416139.0;188787.0;0.3
Brazil;Animal Products;725420.8716353073;1152.0;177470.7385;76265689.0;191194.0;0.3
Brazil;Vegetal Products;490810.64806469274;2371.0;59408.0625;1281669736.0;1103820.0;0.3
British Virgin Islands;Animal Products;0.24696200000000001;;5.1157;;151413.0;0.3
British Virgin Islands;Vegetal Products;1.0528380000000002;;1.8843;;0.0;0.3
Brunei Darussalam;Animal Products;271.40273911570534;;3.8626;36287.0;54184.0;0.3
Brunei Darussalam;Vegetal Products;226.9407608842946;;9.5374;26303.0;86011.0;0.3
Bulgaria;Animal Products;4137.213132599494;932.0;1532.0;1343524.0;302009.0;0.3
Bulgaria;Vegetal Products;5911.1428674005065;2158.0;3505.0;18000808.0;331620.0;0.3
Burkina Faso;Animal Products;18181.238660176405;188.0;6719.7793;868936.0;172748.0;0.3
Burkina Faso;Vegetal Products;13154.958039823594;2581.0;5423.2206;10911905.0;760917.0;0.3
Burundi;Animal Products;3404.7096625132053;46.0;621.793;171583.0;101382.0;0.3
Burundi;Vegetal Products;3063.157537486795;1713.0;1411.207;8480275.0;428927.0;0.3
Cabo Verde;Animal Products;66.39554550875596;585.0;30.783;16937.0;224377.0;0.3
Cabo Verde;Vegetal Products;68.62095449124404;2139.0;48.216899999999995;86364.0;91324.0;0.3
Cambodia;Animal Products;23538.52320723014;133.0;1501.2068;272800.0;219331.0;0.3
Cambodia;Vegetal Products;33557.77359276987;2483.0;4246.7932;32867872.0;680290.0;0.3
Cameroon;Animal Products;26276.967555520256;109.0;2717.0969999999998;625634.0;155252.0;0.3
Cameroon;Vegetal Products;22386.869244479756;2654.0;7032.903;30379351.0;665797.0;0.3
Canada;Animal Products;91842.9106585165;1252.0;24886.0;20285083.0;141204.0;0.3
Canada;Vegetal Products;103750.50014148353;2559.0;33271.0;138320684.0;128854.0;0.3
Cayman Islands;Animal Products;0.7497780000000001;;2.0231;;0.0;0.3
Cayman Islands;Vegetal Products;3.1964220000000005;;0.6769000000000001;;7210.0;0.3
Central African Republic;Animal Products;24407.723966342546;306.0;3408.1895;320407.0;114810.0;0.3
Central African Republic;Vegetal Products;19091.83233365746;1574.0;1671.8105;2563868.0;2332564.0;0.3
Chad;Animal Products;68034.86532777785;351.0;45601.4362;1450973.0;209746.0;0.3
Chad;Vegetal Products;32700.372672222158;1945.0;4636.5637;7576918.0;250600.0;0.3
Channel Islands;Animal Products;3.7871370000000004;;5.359800000000001;;;0.3
Channel Islands;Vegetal Products;16.145163000000004;;3.2101;;;0.3
Chile;Animal Products;7438.461190500966;1002.0;14189.7393;4801267.0;105006.0;0.3
Chile;Vegetal Products;5721.891909499034;2286.0;1481.2607;18229578.0;309003.0;0.3
China;Animal Products;215284.26749152396;825.0;406652.4826;163928960.0;157976.0;0.3
China;Vegetal Products;576943.013608476;2583.0;121856.7173;2093359237.0;1423182.0;0.3
China, Hong Kong SAR;Animal Products;617.0910498384184;1494.0;1.347;210128.0;;0.3
China, Hong Kong SAR;Vegetal Products;285.3750501615815;1905.0;3.6529999999999996;98385.0;;0.3
China, Macao SAR;Animal Products;34.49228440366973;1193.0;;11556.0;;0.3
China, Macao SAR;Vegetal Products;0.6447155963302753;2076.0;;216.0;;0.3
China, Taiwan Province of;Animal Products;904.2192883354508;785.0;68.263;2594507.0;;0.3
China, Taiwan Province of;Vegetal Products;3496.587411664549;2258.0;721.937;10457862.0;;0.3
China, mainland;Animal Products;214277.48173757285;822.0;406582.8726;161112769.0;;0.3
China, mainland;Vegetal Products;572611.3895624272;2589.0;121131.12730000001;2082802774.0;;0.3
Colombia;Animal Products;94370.21936853156;773.0;39737.0;11560793.0;167095.0;0.3
Colombia;Vegetal Products;61849.96993146845;2427.0;9872.0;76463126.0;1220359.0;0.3
Comoros;Animal Products;105.85632005988525;194.0;22.6336;17342.0;131460.0;0.3
Comoros;Vegetal Products;303.8465799401148;2097.0;108.3663;336094.0;128638.0;0.3
Congo;Animal Products;7637.570240956718;185.0;10063.6134;66811.0;203035.0;0.3
Congo;Vegetal Products;6600.4845590432815;1955.0;564.3866;3452681.0;423573.0;0.3
Cook Islands;Animal Products;1.760198051948052;;0.1157;520.0;612879.0;0.3
Cook Islands;Vegetal Products;9.114001948051948;;1.3843;5640.0;0.0;0.3
Costa Rica;Animal Products;3063.5495838051447;1006.0;1200.0;1824985.0;135325.0;0.3
Costa Rica;Vegetal Products;1564.6243161948548;2291.0;575.5;13700870.0;322248.0;0.3
Croatia;Animal Products;1612.1289170514128;1293.0;678.0;894696.0;238916.0;0.3
Croatia;Vegetal Products;2200.4115829485872;2156.0;826.0;6124178.0;544431.0;0.3
Cuba;Animal Products;7196.518202056757;680.0;2963.3;1103553.0;216860.0;0.3
Cuba;Vegetal Products;6361.376597943244;2846.0;3437.7;26095148.0;444338.0;0.3
Cyprus;Animal Products;359.13699635736435;911.0;1.729;402753.0;310825.0;0.3
Cyprus;Vegetal Products;192.0801036426357;2323.0;123.465;395827.0;232812.0;0.3
Czechia;Animal Products;4217.098762856931;1256.0;1029.3419999999999;3941314.0;123644.0;0.3
Czechia;Vegetal Products;4998.2539371430685;2322.0;2494.316;18349281.0;149780.0;0.3
Cote d'Ivoire;Animal Products;16920.61992522203;85.0;13604.8128;439564.0;195754.0;0.3
Cote d'Ivoire;Vegetal Products;16161.691674777976;2725.0;7595.1871;33643306.0;2626836.0;0.3
Democratic People's Republic of Korea;Animal Products;3217.657895376151;139.0;245.5473;602833.0;240700.0;0.3
Democratic People's Republic of Korea;Vegetal Products;5586.5761046238495;1961.0;2344.4527;15152432.0;209197.0;0.3
Democratic Republic of the Congo;Animal Products;346970.4565534525;19.0;19782.2399;279004.0;;0.3
Democratic Republic of the Congo;Vegetal Products;304983.4622465476;1886.0;13947.760199999999;60748680.0;;0.3
Denmark;Animal Products;8260.600599112551;1582.0;731.279;8192624.0;90733.0;0.3
Denmark;Vegetal Products;7346.947500887449;2169.0;1894.686;17415640.0;104388.0;0.3
Djibouti;Animal Products;609.503289008609;282.0;1700.2313;30831.0;200412.0;0.3
Djibouti;Vegetal Products;149.28321099139097;2570.0;1.7686000000000002;43045.0;11149.0;0.3
Dominica;Animal Products;29.61214264845349;815.0;2.694;9000.0;108548.0;0.3
Dominica;Vegetal Products;17.940857351546512;2266.0;22.306;111206.0;21117.0;0.3
Dominican Republic;Animal Products;6083.613885915149;716.0;1298.4345;1740179.0;256915.0;0.3
Dominican Republic;Vegetal Products;4734.683914084851;2446.0;1130.5655;15612177.0;31375.0;0.3
Ecuador;Animal Products;21928.35965040942;780.0;2901.0;3270981.0;300454.0;0.3
Ecuador;Vegetal Products;17935.603249590586;1989.0;2429.0;26841783.0;1627074.0;0.3
Egypt;Animal Products;13635.67054451754;302.0;589.8588;9634981.0;295953.0;0.3
Egypt;Vegetal Products;23309.01395548246;3036.0;3332.1412;95981473.0;596751.0;0.3
El Salvador;Animal Products;2152.3854141213437;607.0;582.3;615134.0;113108.0;0.3
El Salvador;Vegetal Products;1656.6986858786565;2290.0;613.4;10654933.0;511263.0;0.3
Equatorial Guinea;Animal Products;2059.114150141939;;20.7589;1004.0;1006508.0;0.3
Equatorial Guinea;Vegetal Products;1861.5032498580617;;170.0212;375459.0;499016.0;0.3
Eritrea;Animal Products;4086.1423453046136;;6979.806;238859.0;272024.0;0.3
Eritrea;Vegetal Products;1398.8923546953863;;612.194;518047.0;47228.0;0.3
Estonia;Animal Products;2505.1470615306216;1671.0;472.0;958963.0;116536.0;0.3
Estonia;Vegetal Products;2193.7602384693787;2048.0;517.1;2412500.0;208671.0;0.3
Eswatini;Animal Products;884.1606670466332;360.0;1052.2406;77976.0;202889.0;0.3
Eswatini;Vegetal Products;585.6046329533667;2257.0;169.7593;7176248.0;85201.0;0.3
Ethiopia;Animal Products;99939.52010966063;155.0;21872.7278;5776792.0;297329.0;0.3
Ethiopia;Vegetal Products;56650.471890339366;2330.0;16316.8222;46583728.0;560663.0;0.3
Falkland Islands (Malvinas);Animal Products;616.6948448;;1129.7;;;0.3
Falkland Islands (Malvinas);Vegetal Products;540.7843552;;;;;0.3
Faroe Islands;Animal Products;173.1954494;;96.2766;918.0;;0.3
Faroe Islands;Vegetal Products;232.96715060000002;;0.058300000000000005;1530.0;;0.3
Fiji;Animal Products;349.0191521066538;555.0;192.4;77170.0;214184.0;0.3
Fiji;Vegetal Products;380.74764789334625;2332.0;120.4;2361157.0;672640.0;0.3
Finland;Animal Products;7538.565356661534;1724.0;810.0;3005922.0;104441.0;0.3
Finland;Vegetal Products;6316.268443338467;2011.0;1464.0;6032474.0;57704.0;0.3
France;Animal Products;48139.813714840886;1409.0;12682.708;32905601.0;100745.0;0.3
France;Vegetal Products;43359.88048515911;2408.0;15938.478000000001;156248434.0;404767.0;0.3
French Guyana;Animal Products;1496.776633;;14.16;0.0;4847413.0;0.3
French Guyana;Vegetal Products;1300.272667;;18.36;0.0;30266.0;0.3
French Polynesia;Animal Products;23.862915084117645;914.0;20.2892;6937.0;209873.0;0.3
French Polynesia;Vegetal Products;158.50328491588238;2047.0;27.2109;163063.0;0.0;0.3
Gabon;Animal Products;3769.929368133234;359.0;1755.2298;57547.0;177049.0;0.3
Gabon;Vegetal Products;3465.966931866766;2245.0;457.4103;1682206.0;835682.0;0.3
Gambia;Animal Products;875.754263217175;228.0;210.8908;90019.0;238013.0;0.3
Gambia;Vegetal Products;1006.386936782825;2277.0;394.1092;417999.0;75765.0;0.3
Georgia;Animal Products;1473.3187370822766;840.0;1945.9;716741.0;281761.0;0.3
Georgia;Vegetal Products;739.0870629177234;2280.0;426.7;1560801.0;99218.0;0.3
Germany;Animal Products;44046.33597662617;1449.0;7727.0;42282036.0;96308.0;0.3
Germany;Vegetal Products;33814.031623373834;2493.0;8937.0;106031614.0;195792.0;0.3
Ghana;Animal Products;5218.468271462951;85.0;7678.531;422289.0;255079.0;0.3
Ghana;Vegetal Products;5890.0403285370485;2987.0;4925.209;48616421.0;504637.0;0.3
Gibraltar;Animal Products;4.799894;;;;;0.3
Gibraltar;Vegetal Products;20.462706;;;;;0.3
Greece;Animal Products;4661.43938441596;1267.0;2647.0279;2502534.0;200141.0;0.3
Greece;Vegetal Products;4214.444915584039;2528.0;3220.1601;17464982.0;916395.0;0.3
Greenland;Animal Products;30.595696200000003;;243.11;;39275.0;0.3
Greenland;Vegetal Products;130.04900380000004;;;;0.0;0.3
Grenada;Animal Products;12.966903135439866;755.0;1.347;4659.0;131499.0;0.3
Grenada;Vegetal Products;26.133396864560137;1877.0;6.6530000000000005;52813.0;21059.0;0.3
Guadeloupe;Animal Products;169.048415;;24.61;0.0;210198.0;0.3
Guadeloupe;Vegetal Products;119.853285;;25.099999999999998;0.0;20709.0;0.3
Guam;Animal Products;0.0;;8.1157;;0.0;0.3
Guam;Vegetal Products;0.0051;;7.8843;;6048.0;0.3
Guatemala;Animal Products;9454.732890840827;405.0;1811.0;1447833.0;232856.0;0.3
Guatemala;Vegetal Products;6242.918209159172;2263.0;2045.0;47655719.0;1154564.0;0.3
Guinea;Animal Products;16470.21940442405;169.0;10700.0;518599.0;199575.0;0.3
Guinea;Vegetal Products;18208.989195575952;2700.0;3800.0;14492036.0;981739.0;0.3
Guinea-Bissau;Animal Products;1970.666394390982;189.0;299.8082;75127.0;206899.0;0.3
Guinea-Bissau;Vegetal Products;1730.409105609018;2080.0;515.3018;1076286.0;168482.0;0.3
Guyana;Animal Products;8057.58521581919;711.0;829.8275;102241.0;299292.0;0.3
Guyana;Vegetal Products;9262.118884180809;2394.0;411.42240000000004;3152153.0;395704.0;0.3
Haiti;Animal Products;3584.429155607965;208.0;744.3033;238812.0;267988.0;0.3
Haiti;Vegetal Products;1959.165544392035;1984.0;1095.6967;4679025.0;33562.0;0.3
Holy See;Animal Products;0.0;;;;;0.3
Holy See;Vegetal Products;0.0;;;;;0.3
Honduras;Animal Products;8284.890022569554;448.0;2032.974;1202140.0;177924.0;0.3
Honduras;Vegetal Products;5203.688777430447;2340.0;1478.0259;13610547.0;863188.0;0.3
Hungary;Animal Products;6274.002308565229;1402.0;861.0;3212628.0;486944.0;0.3
Hungary;Vegetal Products;8735.199991434773;2279.0;4417.0;26243883.0;1677721.0;0.3
Iceland;Animal Products;1114.9288737046152;2146.0;1866.0;299416.0;100464.0;0.3
Iceland;Vegetal Products;190.65932629538483;1944.0;6.0;45620.0;9695.0;0.3
India;Animal Products;427381.6366908464;475.0;21838.564100000003;212236831.0;207645.0;0.3
India;Vegetal Products;343856.5900091536;2277.0;157206.3828;1361494847.0;1987481.0;0.3
Indonesia;Animal Products;566152.8678883052;225.0;14041.8793;11974822.0;268146.0;0.3
Indonesia;Vegetal Products;583159.566711695;2653.0;48258.1207;603108660.0;1932609.0;0.3
Iran (Islamic Republic of);Animal Products;19375.694417993174;423.0;29477.0;16414304.0;218526.0;0.3
Iran (Islamic Republic of);Vegetal Products;27872.17128200682;2655.0;17536.0;75429473.0;1505358.0;0.3
Iraq;Animal Products;4968.653014910319;299.0;4000.0;884643.0;518839.0;0.3
Iraq;Vegetal Products;7689.0010850896815;2410.0;5250.0;11030136.0;898681.0;0.3
Ireland;Animal Products;22030.550225918465;1335.0;4167.0;10140570.0;78563.0;0.3
Ireland;Vegetal Products;3885.620874081537;2782.0;357.0;3824750.0;94438.0;0.3
Isle of Man;Animal Products;3.0764728000000003;;36.7;;;0.3
Isle of Man;Vegetal Products;4.050727200000001;;3.6;;;0.3
Israel;Animal Products;1558.1918732590948;1144.0;160.0;2912841.0;251912.0;0.3
Israel;Vegetal Products;1274.0905267409053;2691.0;478.4;4029662.0;251168.0;0.3
Italy;Animal Products;21590.238552451527;1096.0;6265.004999999999;18987536.0;141158.0;0.3
Italy;Vegetal Products;20696.540647548474;2651.0;6855.957;62122361.0;372504.0;0.3
Jamaica;Animal Products;903.7346376741065;657.0;242.8793;371941.0;186322.0;0.3
Jamaica;Vegetal Products;2555.876662325894;2229.0;201.1207;2023924.0;317455.0;0.3
Japan;Animal Products;15389.460545998085;636.0;962.0;16328465.0;118743.0;0.3
Japan;Vegetal Products;30402.30185400191;2121.0;3435.0;47460244.0;903264.0;0.3
Jordan;Animal Products;910.1205749681308;517.0;742.0;839285.0;331650.0;0.3
Jordan;Vegetal Products;812.8065250318693;2156.0;294.5;2350313.0;119632.0;0.3
Kazakhstan;Animal Products;19735.470651409094;1410.0;187578.6946;8214190.0;194322.0;0.3
Kazakhstan;Vegetal Products;13189.631948590904;2406.0;26395.6054;36863418.0;494187.0;0.3
Kenya;Animal Products;39142.873475277425;411.0;22215.2323;7164660.0;194084.0;0.3
Kenya;Vegetal Products;14166.768324722574;1940.0;5414.7677;23660919.0;426089.0;0.3
Kiribati;Animal Products;0.6274563284902817;226.0;0.2313;2323.0;27089.0;0.3
Kiribati;Vegetal Products;19.814943671509717;2711.0;33.7686;204709.0;0.0;0.3
Kuwait;Animal Products;634.1740935535618;892.0;136.9253;297724.0;180770.0;0.3
Kuwait;Vegetal Products;891.5916064464383;2770.0;13.0747;573765.0;87961.0;0.3
Kyrgyzstan;Animal Products;4295.981096804575;940.0;9313.8763;2172979.0;169132.0;0.3
Kyrgyzstan;Vegetal Products;1500.6691031954251;2130.0;1054.5237;6135265.0;251075.0;0.3
Lao People's Democratic Republic;Animal Products;12782.87629315907;254.0;675.0;259981.0;;0.3
Lao People's Democratic Republic;Vegetal Products;12142.436606840933;2471.0;1429.7;17362423.0;;0.3
Latvia;Animal Products;3097.586653446385;1259.0;895.429;1126841.0;171267.0;0.3
Latvia;Vegetal Products;2987.009046553616;2271.0;1064.571;4507792.0;624739.0;0.3
Lebanon;Animal Products;403.1021636808626;522.0;400.0;688832.0;257569.0;0.3
Lebanon;Vegetal Products;705.2060363191374;2494.0;269.67;2910978.0;71419.0;0.3
Lesotho;Animal Products;1153.7987834369944;376.0;2000.0;195818.0;207636.0;0.3
Lesotho;Vegetal Products;349.53831656300554;1910.0;142.0;256834.0;135471.0;0.3
Liberia;Animal Products;7700.839579956469;128.0;1311.8704;58404.0;134105.0;0.3
Liberia;Vegetal Products;6984.330020043532;2019.0;642.1696;2076288.0;1101765.0;0.3
Libya;Animal Products;2157.258193174734;619.0;13498.9366;510668.0;281434.0;0.3
Libya;Vegetal Products;1570.6243068252656;2693.0;1851.0634;2239612.0;582351.0;0.3
Liechtenstein;Animal Products;0.294918;;3.9612;;;0.3
Liechtenstein;Vegetal Products;1.257282;;1.3088;;;0.3
Lithuania;Animal Products;5315.630736616785;1208.0;986.5;1843523.0;120055.0;0.3
Lithuania;Vegetal Products;4996.553363383216;2440.0;1988.5;8848074.0;777234.0;0.3
Luxembourg;Animal Products;615.4153459864996;1541.0;79.87;449866.0;110985.0;0.3
Luxembourg;Vegetal Products;123.20865401350042;2293.0;51.529;245222.0;26958.0;0.3
Madagascar;Animal Products;17272.537330804353;156.0;37641.9824;689241.0;187079.0;0.3
Madagascar;Vegetal Products;16088.305869195647;1781.0;3253.0175999999997;17349635.0;607756.0;0.3
Malawi;Animal Products;7840.940430206888;287.0;2266.3789;767795.0;270266.0;0.3
Malawi;Vegetal Products;8434.737369793113;2310.0;3383.6211000000003;27194882.0;923959.0;0.3
Malaysia;Animal Products;47992.74737990788;561.0;377.0;3033155.0;258793.0;0.3
Malaysia;Vegetal Products;52420.52662009212;2397.0;8194.0;159725275.0;628922.0;0.3
Maldives;Animal Products;7.184617088345084;605.0;1.4511;868.0;;0.3
Maldives;Vegetal Products;112.56828291165489;1633.0;4.9489;13598.0;;0.3
Mali;Animal Products;22185.634580089863;321.0;35001.0;1174629.0;360410.0;0.3
Mali;Vegetal Products;14817.837919910136;2649.0;6200.0;21445920.0;217789.0;0.3
Malta;Animal Products;66.62837131369012;1196.0;0.0;59172.0;160613.0;0.3
Malta;Vegetal Products;39.56792868630987;2457.0;10.38;81097.0;143033.0;0.3
Marshall Islands;Animal Products;4.925085;;0.33130000000000004;;;0.3
Marshall Islands;Vegetal Products;25.9215;;8.2686;23499.0;;0.3
Martinique;Animal Products;29.845413;;15.901;0.0;167171.0;0.3
Martinique;Vegetal Products;32.052287;;15.399000000000001;0.0;13861.0;0.3
Mauritania;Animal Products;8307.673245426973;676.0;39296.2643;550806.0;271535.0;0.3
Mauritania;Vegetal Products;3052.9737545730263;2428.0;364.73560000000003;837687.0;88409.0;0.3
Mauritius;Animal Products;14.34019285010957;625.0;15.6746;70673.0;204575.0;0.3
Mauritius;Vegetal Products;198.47490714989044;2520.0;70.3255;4002130.0;90834.0;0.3
Mayotte;Animal Products;8.9211696;;2.2816;;;0.3
Mayotte;Vegetal Products;17.8388304;;17.7184;;;0.3
Mexico;Animal Products;80249.4196085253;915.0;75849.0;25097606.0;233089.0;0.3
Mexico;Vegetal Products;51747.1247914747;2461.0;20257.0;168214467.0;1459183.0;0.3
Micronesia (Federated States of);Animal Products;36.8434653398533;;3.2313;1926.0;;0.3
Micronesia (Federated States of);Vegetal Products;66.3671346601467;;18.7686;79874.0;;0.3
Monaco;Animal Products;0.0;;;;;0.3
Monaco;Vegetal Products;0.0;;;;;0.3
Mongolia;Animal Products;28562.615219226962;1779.0;112039.7;2047332.0;344202.0;0.3
Mongolia;Vegetal Products;6089.768480773037;1561.0;1333.8;893053.0;134792.0;0.3
Montenegro;Animal Products;371.85981548027434;1794.0;244.4;217209.0;156491.0;0.3
Montenegro;Vegetal Products;85.87338451972566;2261.0;13.6;185211.0;28052.0;0.3
Montserrat;Animal Products;0.035568;;1.2313;;188776.0;0.3
Montserrat;Vegetal Products;0.16593200000000002;;1.7686000000000002;;8442.0;0.3
Morocco;Animal Products;9830.953488518102;399.0;21466.0;5847148.0;372551.0;0.3
Morocco;Vegetal Products;8673.7869114819;3023.0;8145.907;26273485.0;1602717.0;0.3
Mozambique;Animal Products;47585.0045232256;97.0;36455.1217;844899.0;209906.0;0.3
Mozambique;Vegetal Products;43025.9835767744;2025.0;4958.7103;18200251.0;486503.0;0.3
Myanmar;Animal Products;97041.84779621926;628.0;479.0;8305973.0;264156.0;0.3
Myanmar;Vegetal Products;108698.46480378075;2208.0;12500.4;78536958.0;748787.0;0.3
Namibia;Animal Products;9780.840525728872;382.0;38092.5286;218361.0;174093.0;0.3
Namibia;Vegetal Products;7610.997174271128;2161.0;717.4714;870241.0;200707.0;0.3
Nauru;Animal Products;0.2692112903225807;;;100.0;536885.0;0.3
Nauru;Vegetal Products;7.113688709677421;;0.4;3868.0;0.0;0.3
Nepal;Animal Products;19708.29346879308;353.0;1803.5;3364392.0;289178.0;0.3
Nepal;Vegetal Products;13275.059131206923;2634.0;2317.5;28838236.0;880155.0;0.3
Netherlands;Animal Products;17758.945530799552;1711.0;984.0;19107280.0;77583.0;0.3
Netherlands;Vegetal Products;10433.363869200448;2188.0;832.8000000000001;24910710.0;87051.0;0.3
New Caledonia;Animal Products;192.96708731045373;944.0;174.33;11007.0;170548.0;0.3
New Caledonia;Vegetal Products;140.43931268954628;2055.0;9.7;71308.0;94985.0;0.3
New Zealand;Animal Products;44222.27826606206;1158.0;9788.1508;35863548.0;83710.0;0.3
New Zealand;Vegetal Products;3665.600633937943;2248.0;556.8492;4824607.0;189233.0;0.3
Nicaragua;Animal Products;20141.72089862521;417.0;3390.021;1784126.0;145682.0;0.3
Nicaragua;Vegetal Products;12456.175401374792;2306.0;1674.979;13035063.0;843009.0;0.3
Niger;Animal Products;23773.675961776713;243.0;30829.1963;2178158.0;311201.0;0.3
Niger;Vegetal Products;10521.76573822329;2467.0;15767.803699999999;14047175.0;207697.0;0.3
Nigeria;Animal Products;64126.87374062901;83.0;31834.8783;3144181.0;219097.0;0.3
Nigeria;Vegetal Products;71111.973759371;2486.0;37451.871699999996;215989085.0;1088554.0;0.3
Niue;Animal Products;0.3447294263363755;;1.1157;179.0;629245.0;0.3
Niue;Vegetal Products;1.2943705736636246;;3.8843;7491.0;0.0;0.3
Norfolk Island;Animal Products;0.0;;1.0;;;0.3
Norfolk Island;Vegetal Products;0.0;;;;;0.3
North Macedonia;Animal Products;832.3313925531053;873.0;805.0;616414.0;183778.0;0.3
North Macedonia;Vegetal Products;479.3313074468947;2499.0;460.0;2259435.0;742961.0;0.3
Northern Mariana Islands;Animal Products;485.7236232;;0.37929999999999997;;;0.3
Northern Mariana Islands;Vegetal Products;423.8711768;;0.1607;;;0.3
Norway;Animal Products;4976.57568473599;1351.0;661.591;2792167.0;96270.0;0.3
Norway;Vegetal Products;2256.58511526401;2259.0;322.663;2285196.0;46397.0;0.3
Oman;Animal Products;1622.508400569458;835.0;1401.38;385949.0;194220.0;0.3
Oman;Vegetal Products;1420.9832994305423;2357.0;60.01;1251477.0;42212.0;0.3
Pakistan;Animal Products;150293.76667089463;921.0;7003.4079;66660164.0;225288.0;0.3
Pakistan;Vegetal Products;61810.82272910537;1912.0;29319.5921;156455940.0;339086.0;0.3
Palau;Animal Products;1.826128;;2.0347;;;0.3
Palau;Vegetal Products;7.785072;;2.2653;;;0.3
Palestine;Animal Products;207.04335509610033;;277.0;264864.0;0.0;0.3
Palestine;Vegetal Products;135.72714490389964;;167.89999999999998;866029.0;23852.0;0.3
Panama;Animal Products;5182.952825589231;844.0;1528.9446;763527.0;122432.0;0.3
Panama;Vegetal Products;3180.8037744107696;2246.0;654.0554;4954244.0;673852.0;0.3
Papua New Guinea;Animal Products;23737.407083563463;302.0;224.69819999999999;523409.0;705499.0;0.3
Papua New Guinea;Vegetal Products;22013.803516436546;1907.0;965.3018;11133727.0;455698.0;0.3
Paraguay;Animal Products;49297.57626855688;501.0;11985.14;1436403.0;244004.0;0.3
Paraguay;Vegetal Products;33335.65543144313;2394.0;4824.0;37888484.0;588371.0;0.3
Peru;Animal Products;67570.94796532165;559.0;18905.616;5715386.0;240084.0;0.3
Peru;Vegetal Products;53602.40113467836;2319.0;5572.674;41647755.0;1197284.0;0.3
Philippines;Animal Products;9273.686294125953;414.0;1549.7372;4665230.0;247530.0;0.3
Philippines;Vegetal Products;56609.44020587405;2384.0;11093.2628;113112617.0;3157330.0;0.3
Pitcairn;Animal Products;0.0;;;;;0.3
Pitcairn;Vegetal Products;0.0;;;;;0.3
Poland;Animal Products;29353.749668403394;1253.0;3128.0;20305091.0;117384.0;0.3
Poland;Vegetal Products;31635.970831596605;2498.0;11395.0;62362637.0;758292.0;0.3
Portugal;Animal Products;5026.906652209644;1275.0;2171.2764;3270141.0;190408.0;0.3
Portugal;Vegetal Products;3780.3425477903556;2405.0;1722.6666;9067941.0;673256.0;0.3
Puerto Rico;Animal Products;805.9445961779603;;117.8888;400234.0;0.0;0.3
Puerto Rico;Vegetal Products;141.29440382203967;;50.0112;261427.0;4652.0;0.3
Qatar;Animal Products;989.3468102660634;;50.0;104975.0;163145.0;0.3
Qatar;Vegetal Products;517.8991897339366;;24.0;92384.0;115922.0;0.3
Republic of Korea;Animal Products;8783.604192860197;646.0;159.2;7080168.0;175441.0;0.3
Republic of Korea;Vegetal Products;12935.247007139802;2756.0;1477.8;24931659.0;428466.0;0.3
Republic of Moldova;Animal Products;687.5682105276351;785.0;339.9;684724.0;174376.0;0.3
Republic of Moldova;Vegetal Products;1369.7283894723653;2117.0;1921.7;8554886.0;24150.0;0.3
Romania;Animal Products;11244.704512774762;1394.0;5349.0;5677548.0;160791.0;0.3
Romania;Vegetal Products;11602.763287225236;2637.0;8477.0;50669735.0;1021328.0;0.3
Russian Federation;Animal Products;95534.36724291579;1160.0;136874.31;55564152.0;184181.0;0.3
Russian Federation;Vegetal Products;91193.65975708421;2485.0;78619.69;286383316.0;2698916.0;0.3
Rwanda;Animal Products;3093.4970098499316;131.0;543.2066;449525.0;133638.0;0.3
Rwanda;Vegetal Products;2521.7529901500684;2106.0;1268.4935;8149703.0;289603.0;0.3
Reunion;Animal Products;82.328161;;12.200000000000001;0.0;190783.0;0.3
Reunion;Vegetal Products;163.576139;;35.74;0.0;27719.0;0.3
Saint Helena, Ascension and Tristan da Cunha;Animal Products;0.141721;;8.4626;;;0.3
Saint Helena, Ascension and Tristan da Cunha;Vegetal Products;0.604179;;3.5374;;;0.3
Saint Kitts and Nevis;Animal Products;4.923558368939253;736.0;0.9;288.0;148911.0;0.3
Saint Kitts and Nevis;Vegetal Products;4.680841631060747;1853.0;5.1;10478.0;6120.0;0.3
Saint Lucia;Animal Products;23.172958830448664;802.0;0.6803;4962.0;177260.0;0.3
Saint Lucia;Vegetal Products;19.230041169551335;1909.0;9.2597;66450.0;236.0;0.3
Saint Pierre and Miquelon;Animal Products;1.4008376;;0.2313;;;0.3
Saint Pierre and Miquelon;Vegetal Products;3.4935624;;1.7686000000000002;;;0.3
Saint Vincent and the Grenadines;Animal Products;12.030751571158527;761.0;2.2313;2828.0;181585.0;0.3
Saint Vincent and the Grenadines;Vegetal Products;10.540248428841473;2252.0;4.7686;108900.0;50494.0;0.3
Samoa;Animal Products;170.04147763268588;808.0;6.41;4585.0;119444.0;0.3
Samoa;Vegetal Products;174.68612236731414;2264.0;43.0;302459.0;0.0;0.3
San Marino;Animal Products;0.0;;0.2296;;;0.3
San Marino;Vegetal Products;0.0;;2.0704;;;0.3
Sao Tome and Principe;Animal Products;119.25948858714142;180.0;1.4626000000000001;2218.0;129196.0;0.3
Sao Tome and Principe;Vegetal Products;113.3456114128586;2192.0;42.5374;102148.0;66716.0;0.3
Saudi Arabia;Animal Products;10354.088019363813;629.0;170125.7;5444771.0;186239.0;0.3
Saudi Arabia;Vegetal Products;7900.931280636187;2815.0;3470.2169000000004;5892201.0;120183.0;0.3
Senegal;Animal Products;9300.545458439907;178.0;5600.0;668413.0;295381.0;0.3
Senegal;Vegetal Products;7831.3755415600945;2430.0;3278.0;12012958.0;166494.0;0.3
Serbia;Animal Products;6597.333251818946;1129.0;675.0;2438199.0;156491.0;0.3
Serbia;Vegetal Products;6842.086248181054;2040.0;2785.0;20462378.0;28798.0;0.3
Seychelles;Animal Products;4.850904980703035;639.0;0.0;2525.0;144628.0;0.3
Seychelles;Vegetal Products;24.284495019296966;2473.0;1.5524;16649.0;16002.0;0.3
Sierra Leone;Animal Products;3304.400529123232;64.0;2383.2067;213297.0;190940.0;0.3
Sierra Leone;Vegetal Products;3938.826770876768;2238.0;1565.7932;4346706.0;181024.0;0.3
Singapore;Animal Products;388.5620985089499;;0.0648;360125.0;512462.0;0.3
Singapore;Vegetal Products;243.0257014910501;;0.5952;218923.0;3802.0;0.3
Slovakia;Animal Products;1166.6633572482924;1157.0;571.0;1142250.0;116127.0;0.3
Slovakia;Vegetal Products;1590.8847427517073;1983.0;1314.0;7672993.0;95629.0;0.3
Slovenia;Animal Products;2053.176500402295;1133.0;400.62;810638.0;121458.0;0.3
Slovenia;Vegetal Products;1220.115399597705;2319.0;211.66;1290700.0;4824090.0;0.3
Solomon Islands;Animal Products;142.97200624256237;161.0;10.3132;8194.0;158038.0;0.3
Solomon Islands;Vegetal Products;172.80139375743767;2200.0;106.6868;871870.0;34958.0;0.3
Somalia;Animal Products;30412.574417549156;;43127.2269;2632878.0;827281.0;0.3
Somalia;Vegetal Products;9830.004582450843;;997.7731;1008899.0;583262.0;0.3
South Africa;Animal Products;22689.144257038937;547.0;83948.8544;8890739.0;176596.0;0.3
South Africa;Vegetal Products;21800.40524296106;2428.0;12392.1456;57159639.0;400448.0;0.3
South Sudan;Animal Products;36174.34848519262;;26050.1729;4029827.0;;0.3
South Sudan;Vegetal Products;14365.678414807386;;2200.727;3283528.0;;0.3
Spain;Animal Products;23094.55701637897;1104.0;10620.85;17046186.0;176200.0;0.3
Spain;Vegetal Products;27338.714083621027;2469.0;15585.8406;78492333.0;499384.0;0.3
Sri Lanka;Animal Products;2814.4887289123167;251.0;459.2737;840638.0;238485.0;0.3
Sri Lanka;Vegetal Products;5207.238371087683;2512.0;2352.299;14923697.0;336565.0;0.3
Sudan;Animal Products;66934.83122322278;558.0;48249.0;6121820.0;160196.0;0.3
Sudan;Vegetal Products;32978.480376777225;2227.0;21156.84;28792480.0;835167.0;0.3
Suriname;Animal Products;5146.813940481324;495.0;23.171;24621.0;274340.0;0.3
Suriname;Vegetal Products;5337.000159518675;2299.0;59.829;754206.0;462674.0;0.3
Svalbard and Jan Mayen Islands;Animal Products;0.0;;;;;0.3
Svalbard and Jan Mayen Islands;Vegetal Products;0.0;;;;;0.3
Sweden;Animal Products;19908.47341747017;1441.0;1545.78;3699160.0;98262.0;0.3
Sweden;Vegetal Products;17268.840482529835;2119.0;1458.99;10867154.0;104037.0;0.3
Switzerland;Animal Products;5416.604381312534;1609.0;1210.0818;5611527.0;72349.0;0.3
Switzerland;Vegetal Products;1630.107818687466;2230.0;297.0741;4584620.0;218982.0;0.3
Syrian Arab Republic;Animal Products;4073.2550490539115;633.0;8188.0;2547804.0;408781.0;0.3
Syrian Arab Republic;Vegetal Products;3280.082450946089;2332.0;5733.0;13597398.0;432859.0;0.3
Tajikistan;Animal Products;5110.441232139816;546.0;3875.0;1602025.0;864113.0;0.3
Tajikistan;Vegetal Products;1867.5991678601845;2095.0;1043.2;7081517.0;861025.0;0.3
Thailand;Animal Products;16443.80524095284;386.0;4461.0778;5530178.0;260547.0;0.3
Thailand;Vegetal Products;77406.58005904716;2447.0;18448.9222;283573953.0;5113015.0;0.3
Timor-Leste;Animal Products;827.6144825258808;197.0;162.8962;46758.0;213843.0;0.3
Timor-Leste;Vegetal Products;629.9845174741192;2027.0;178.50390000000002;359007.0;78332.0;0.3
Togo;Animal Products;2157.6727830649215;103.0;1306.5011;133606.0;285478.0;0.3
Togo;Vegetal Products;2195.020816935078;2354.0;2513.4988;5322487.0;1477320.0;0.3
Tokelau;Animal Products;0.031300312622118014;;;35.0;533795.0;0.3
Tokelau;Vegetal Products;0.47929968737788203;;0.6;5083.0;0.0;0.3
Tonga;Animal Products;31.938726803247505;;5.2844;3303.0;602749.0;0.3
Tonga;Vegetal Products;53.80047319675249;;29.715600000000002;120238.0;0.0;0.3
Trinidad and Tobago;Animal Products;211.52582366789008;760.0;9.8915;73222.0;147675.0;0.3
Trinidad and Tobago;Vegetal Products;284.5995763321099;2315.0;44.1085;191995.0;48899.0;0.3
Tunisia;Animal Products;2876.4398480413793;597.0;4750.0;2294162.0;440111.0;0.3
Tunisia;Vegetal Products;3267.610251958621;3095.0;4981.0;11065164.0;980625.0;0.3
Turkey;Animal Products;31735.112268844743;989.0;14617.0;34275604.0;209365.0;0.3
Turkey;Vegetal Products;31103.541831155257;3109.0;23099.0;129464681.0;1998462.0;0.3
Turkmenistan;Animal Products;7465.8930667334225;872.0;32062.382;2442076.0;327378.0;0.3
Turkmenistan;Vegetal Products;3977.502033266577;2240.0;1775.618;5076548.0;132392.0;0.3
Turks and Caicos Islands;Animal Products;0.585276;;0.1157;;;0.3
Turks and Caicos Islands;Vegetal Products;2.495124;;0.8843000000000001;;;0.3
Tuvalu;Animal Products;0.8412542857142857;;;228.0;514729.0;0.3
Tuvalu;Vegetal Products;6.7792457142857145;;1.8;3552.0;0.0;0.3
Uganda;Animal Products;29554.975643199505;196.0;6113.0596000000005;2372606.0;233605.0;0.3
Uganda;Vegetal Products;19407.659956800497;2001.0;8301.9404;32693089.0;2113990.0;0.3
Ukraine;Animal Products;17346.46125457551;1072.0;8455.0;15351876.0;138049.0;0.3
Ukraine;Vegetal Products;27803.685045424492;2296.0;32856.0;171543210.0;1632007.0;0.3
United Arab Emirates;Animal Products;2129.4170259352322;709.0;300.0;430603.0;171108.0;0.3
United Arab Emirates;Vegetal Products;1848.7169740647676;2569.0;90.4;1027217.0;71691.0;0.3
United Kingdom of Great Britain and Northern Ireland;Animal Products;37169.584100191896;1331.0;12583.1753;25404676.0;93099.0;0.3
United Kingdom of Great Britain and Northern Ireland;Vegetal Products;19119.027499808097;2385.0;4938.1209;52873977.0;646860.0;0.3
United Republic of Tanzania;Animal Products;74455.06933966784;227.0;24877.1;4872513.0;257274.0;0.3
United Republic of Tanzania;Vegetal Products;57412.61386033215;2207.0;14432.6;47404552.0;1304130.0;0.3
United States Virgin Islands;Animal Products;0.0;;2.3041;;;0.3
United States Virgin Islands;Vegetal Products;0.0;;0.9959;;;0.3
United States of America;Animal Products;269488.1982016829;1540.0;250968.9538;191637049.0;140674.0;0.3
United States of America;Vegetal Products;268437.17759831715;2731.0;154841.4;846677533.0;802202.0;0.3
Uruguay;Animal Products;21270.882568768848;1274.0;12540.0;3933012.0;136959.0;0.3
Uruguay;Vegetal Products;6993.848331231154;2328.0;1587.3;11580023.0;414842.0;0.3
Uzbekistan;Animal Products;27643.91020336958;1176.0;21584.5179;15077868.0;216746.0;0.3
Uzbekistan;Vegetal Products;10357.449796630415;2464.0;3970.7821999999996;33075964.0;746037.0;0.3
Vanuatu;Animal Products;328.05478275740126;384.0;44.3132;10365.0;186860.0;0.3
Vanuatu;Vegetal Products;199.81521724259875;2205.0;142.6868;467527.0;60047.0;0.3
Venezuela (Bolivarian Republic of);Animal Products;53340.005386297096;406.0;18248.3128;3577997.0;227783.0;0.3
Venezuela (Bolivarian Republic of);Vegetal Products;31524.86521370291;1906.0;3251.6872;13443471.0;1048210.0;0.3
Viet Nam;Animal Products;16881.556346710386;606.0;682.3;7216141.0;195997.0;0.3
Viet Nam;Vegetal Products;62682.60265328961;2318.0;11705.7;146748347.0;1711542.0;0.3
Wallis and Futuna Islands;Animal Products;0.183445;;0.1157;;;0.3
Wallis and Futuna Islands;Vegetal Products;0.782155;;5.8843;;;0.3
Western Sahara;Animal Products;0.0;;5000.4626;;0.0;0.3
Western Sahara;Vegetal Products;0.2089;;3.5374;;1216.0;0.3
Yemen;Animal Products;5354.108198262163;166.0;22018.0;1070500.0;202391.0;0.3
Yemen;Vegetal Products;2080.385401737838;1875.0;1434.0;2647454.0;633820.0;0.3
Zambia;Animal Products;41736.10508927621;162.0;20439.5111;887270.0;199302.0;0.3
Zambia;Vegetal Products;36458.601810723805;2098.0;3396.4889;13723309.0;325101.0;0.3
Zimbabwe;Animal Products;13223.041897336376;179.0;12562.6432;742015.0;215878.0;0.3
Zimbabwe;Vegetal Products;9644.484302663624;1562.0;3637.3567000000003;6605475.0;367119.0;0.3
Congo, Democratic Republic of the;Animal Products;;;;;278446.0;0.3
Congo, Democratic Republic of the;Vegetal Products;;;;;621370.0;0.3
Faeroe Islands;Animal Products;;;;;178938.0;0.3
Faeroe Islands;Vegetal Products;;;;;0.0;0.3
Falkland Isl;Animal Products;;;;;151761.0;0.3
Falkland Isl;Vegetal Products;;;;;0.0;0.3
Gaza Strip;Animal Products;;;;;0.0;0.3
Gaza Strip;Vegetal Products;;;;;23196.0;0.3
Laos;Animal Products;;;;;211224.0;0.3
Laos;Vegetal Products;;;;;512580.0;0.3
Micronesia (Federated States of),Fed States of;Animal Products;;;;;715204.0;0.3
Micronesia (Federated States of),Fed States of;Vegetal Products;;;;;0.0;0.3
Netherlands Antiles;Animal Products;;;;;426968.0;0.3
Netherlands Antiles;Vegetal Products;;;;;0.0;0.3
Wallis and Futuna Is;Animal Products;;;;;700341.0;0.3
Wallis and Futuna Is;Vegetal Products;;;;;0.0;0.3
