﻿Country;Item;Y2019
Afghanistan;Animal Products;216843
Afghanistan;Vegetal Products;1238107
Albania;Animal Products;154062
Albania;Vegetal Products;763575
Algeria;Animal Products;414449
Algeria;Vegetal Products;1003740
Angola;Animal Products;214734
Angola;Vegetal Products;3114306
Antigua and Barbuda;Animal Products;168987
Antigua and Barbuda;Vegetal Products;10610
Argentina;Animal Products;91760
Argentina;Vegetal Products;624178
Armenia;Animal Products;199733
Armenia;Vegetal Products;221394
Australia;Animal Products;164227
Australia;Vegetal Products;157630
Austria;Animal Products;79340
Austria;Vegetal Products;92603
Azerbaijan;Animal Products;182623
Azerbaijan;Vegetal Products;99444
Bahamas;Animal Products;184995
Bahamas;Vegetal Products;66084
Bangladesh;Animal Products;125529
Bangladesh;Vegetal Products;155236
Barbados;Animal Products;193385
Barbados;Vegetal Products;10691
Belarus;Animal Products;131503
Belarus;Vegetal Products;145735
Belgium;Animal Products;93899
Belgium;Vegetal Products;59111
Belize;Animal Products;223181
Belize;Vegetal Products;203953
Benin;Animal Products;259593
Benin;Vegetal Products;295328
Bhutan;Animal Products;1873694
Bhutan;Vegetal Products;467758
Bolivia;Animal Products;772299
Bolivia;Vegetal Products;402356
Bosnia and Herzegovina;Animal Products;185573
Bosnia and Herzegovina;Vegetal Products;28898
Botswana;Animal Products;228722
Botswana;Vegetal Products;188787
Brazil;Animal Products;191194
Brazil;Vegetal Products;1103820
British Virgin Islands;Animal Products;151413
British Virgin Islands;Vegetal Products;0
Brunei Darussalam;Animal Products;54184
Brunei Darussalam;Vegetal Products;86011
Bulgaria;Animal Products;302009
Bulgaria;Vegetal Products;331620
Burkina Faso;Animal Products;172748
Burkina Faso;Vegetal Products;760917
Burundi;Animal Products;101382
Burundi;Vegetal Products;428927
Cambodia;Animal Products;219331
Cambodia;Vegetal Products;680290
Cameroon;Animal Products;155252
Cameroon;Vegetal Products;665797
Canada;Animal Products;141204
Canada;Vegetal Products;128854
Cape Verde;Animal Products;224377
Cape Verde;Vegetal Products;91324
Cayman Islands;Animal Products;0
Cayman Islands;Vegetal Products;7210
Central African Republic;Animal Products;114810
Central African Republic;Vegetal Products;2332564
Chad;Animal Products;209746
Chad;Vegetal Products;250600
Chile;Animal Products;105006
Chile;Vegetal Products;309003
China;Animal Products;157976
China;Vegetal Products;1423182
Colombia;Animal Products;167095
Colombia;Vegetal Products;1220359
Comoros;Animal Products;131460
Comoros;Vegetal Products;128638
Congo;Animal Products;203035
Congo;Vegetal Products;423573
Congo, Democratic Republic of the;Animal Products;278446
Congo, Democratic Republic of the;Vegetal Products;621370
Cook Islands;Animal Products;612879
Cook Islands;Vegetal Products;0
Costa Rica;Animal Products;135325
Costa Rica;Vegetal Products;322248
Cote d'Ivoire;Animal Products;195754
Cote d'Ivoire;Vegetal Products;2626836
Croatia;Animal Products;238916
Croatia;Vegetal Products;544431
Cuba;Animal Products;216860
Cuba;Vegetal Products;444338
Cyprus;Animal Products;310825
Cyprus;Vegetal Products;232812
Czech Republic;Animal Products;123644
Czech Republic;Vegetal Products;149780
Denmark;Animal Products;90733
Denmark;Vegetal Products;104388
Djibouti;Animal Products;200412
Djibouti;Vegetal Products;11149
Dominica;Animal Products;108548
Dominica;Vegetal Products;21117
Dominican Republic;Animal Products;256915
Dominican Republic;Vegetal Products;31375
East Timor;Animal Products;213843
East Timor;Vegetal Products;78332
Ecuador;Animal Products;300454
Ecuador;Vegetal Products;1627074
Egypt;Animal Products;295953
Egypt;Vegetal Products;596751
El Salvador;Animal Products;113108
El Salvador;Vegetal Products;511263
Equatorial Guinea;Animal Products;1006508
Equatorial Guinea;Vegetal Products;499016
Eritrea;Animal Products;272024
Eritrea;Vegetal Products;47228
Estonia;Animal Products;116536
Estonia;Vegetal Products;208671
Ethiopia;Animal Products;297329
Ethiopia;Vegetal Products;560663
Faeroe Islands;Animal Products;178938
Faeroe Islands;Vegetal Products;0
Falkland Isl;Animal Products;151761
Falkland Isl;Vegetal Products;0
Fiji;Animal Products;214184
Fiji;Vegetal Products;672640
Finland;Animal Products;104441
Finland;Vegetal Products;57704
France;Animal Products;100745
France;Vegetal Products;404767
French Guiana;Animal Products;4847413
French Guiana;Vegetal Products;30266
French Polynesia;Animal Products;209873
French Polynesia;Vegetal Products;0
Gabon;Animal Products;177049
Gabon;Vegetal Products;835682
Gambia;Animal Products;238013
Gambia;Vegetal Products;75765
Gaza Strip;Animal Products;0
Gaza Strip;Vegetal Products;23196
Georgia;Animal Products;281761
Georgia;Vegetal Products;99218
Germany;Animal Products;96308
Germany;Vegetal Products;195792
Ghana;Animal Products;255079
Ghana;Vegetal Products;504637
Greece;Animal Products;200141
Greece;Vegetal Products;916395
Greenland;Animal Products;39275
Greenland;Vegetal Products;0
Grenada;Animal Products;131499
Grenada;Vegetal Products;21059
Guadeloupe;Animal Products;210198
Guadeloupe;Vegetal Products;20709
Guam;Animal Products;0
Guam;Vegetal Products;6048
Guatemala;Animal Products;232856
Guatemala;Vegetal Products;1154564
Guinea;Animal Products;199575
Guinea;Vegetal Products;981739
Guinea-Bissau;Animal Products;206899
Guinea-Bissau;Vegetal Products;168482
Guyana;Animal Products;299292
Guyana;Vegetal Products;395704
Haiti;Animal Products;267988
Haiti;Vegetal Products;33562
Honduras;Animal Products;177924
Honduras;Vegetal Products;863188
Hungary;Animal Products;486944
Hungary;Vegetal Products;1677721
Iceland;Animal Products;100464
Iceland;Vegetal Products;9695
India;Animal Products;207645
India;Vegetal Products;1987481
Indonesia;Animal Products;268146
Indonesia;Vegetal Products;1932609
Iran;Animal Products;218526
Iran;Vegetal Products;1505358
Iraq;Animal Products;518839
Iraq;Vegetal Products;898681
Ireland;Animal Products;78563
Ireland;Vegetal Products;94438
Israel;Animal Products;251912
Israel;Vegetal Products;251168
Italy;Animal Products;141158
Italy;Vegetal Products;372504
Jamaica;Animal Products;186322
Jamaica;Vegetal Products;317455
Japan;Animal Products;118743
Japan;Vegetal Products;903264
Jordan;Animal Products;331650
Jordan;Vegetal Products;119632
Kazakhstan;Animal Products;194322
Kazakhstan;Vegetal Products;494187
Kenya;Animal Products;194084
Kenya;Vegetal Products;426089
Kiribati;Animal Products;27089
Kiribati;Vegetal Products;0
Kuwait;Animal Products;180770
Kuwait;Vegetal Products;87961
Kyrgyzstan;Animal Products;169132
Kyrgyzstan;Vegetal Products;251075
Laos;Animal Products;211224
Laos;Vegetal Products;512580
Latvia;Animal Products;171267
Latvia;Vegetal Products;624739
Lebanon;Animal Products;257569
Lebanon;Vegetal Products;71419
Lesotho;Animal Products;207636
Lesotho;Vegetal Products;135471
Liberia;Animal Products;134105
Liberia;Vegetal Products;1101765
Libya;Animal Products;281434
Libya;Vegetal Products;582351
Lithuania;Animal Products;120055
Lithuania;Vegetal Products;777234
Luxembourg;Animal Products;110985
Luxembourg;Vegetal Products;26958
Macedonia;Animal Products;183778
Macedonia;Vegetal Products;742961
Madagascar;Animal Products;187079
Madagascar;Vegetal Products;607756
Malawi;Animal Products;270266
Malawi;Vegetal Products;923959
Malaysia;Animal Products;258793
Malaysia;Vegetal Products;628922
Mali;Animal Products;360410
Mali;Vegetal Products;217789
Malta;Animal Products;160613
Malta;Vegetal Products;143033
Martinique;Animal Products;167171
Martinique;Vegetal Products;13861
Mauritania;Animal Products;271535
Mauritania;Vegetal Products;88409
Mauritius;Animal Products;204575
Mauritius;Vegetal Products;90834
Mexico;Animal Products;233089
Mexico;Vegetal Products;1459183
Micronesia,Fed States of;Animal Products;715204
Micronesia,Fed States of;Vegetal Products;0
Moldova;Animal Products;174376
Moldova;Vegetal Products;24150
Mongolia;Animal Products;344202
Mongolia;Vegetal Products;134792
Montenegro;Animal Products;156491
Montenegro;Vegetal Products;28052
Montserrat;Animal Products;188776
Montserrat;Vegetal Products;8442
Morocco;Animal Products;372551
Morocco;Vegetal Products;1602717
Mozambique;Animal Products;209906
Mozambique;Vegetal Products;486503
Myanmar;Animal Products;264156
Myanmar;Vegetal Products;748787
Namibia;Animal Products;174093
Namibia;Vegetal Products;200707
Nauru;Animal Products;536885
Nauru;Vegetal Products;0
Nepal;Animal Products;289178
Nepal;Vegetal Products;880155
Netherlands;Animal Products;77583
Netherlands;Vegetal Products;87051
Netherlands Antiles;Animal Products;426968
Netherlands Antiles;Vegetal Products;0
New Caledonia;Animal Products;170548
New Caledonia;Vegetal Products;94985
New Zealand;Animal Products;83710
New Zealand;Vegetal Products;189233
Nicaragua;Animal Products;145682
Nicaragua;Vegetal Products;843009
Niger;Animal Products;311201
Niger;Vegetal Products;207697
Nigeria;Animal Products;219097
Nigeria;Vegetal Products;1088554
Niue;Animal Products;629245
Niue;Vegetal Products;0
North Korea;Animal Products;240700
North Korea;Vegetal Products;209197
Norway;Animal Products;96270
Norway;Vegetal Products;46397
Oman;Animal Products;194220
Oman;Vegetal Products;42212
Pakistan;Animal Products;225288
Pakistan;Vegetal Products;339086
Panama;Animal Products;122432
Panama;Vegetal Products;673852
Papua New Guinea;Animal Products;705499
Papua New Guinea;Vegetal Products;455698
Paraguay;Animal Products;244004
Paraguay;Vegetal Products;588371
Peru;Animal Products;240084
Peru;Vegetal Products;1197284
Philippines;Animal Products;247530
Philippines;Vegetal Products;3157330
Poland;Animal Products;117384
Poland;Vegetal Products;758292
Portugal;Animal Products;190408
Portugal;Vegetal Products;673256
Puerto Rico;Animal Products;0
Puerto Rico;Vegetal Products;4652
Qatar;Animal Products;163145
Qatar;Vegetal Products;115922
Reunion;Animal Products;190783
Reunion;Vegetal Products;27719
Romania;Animal Products;160791
Romania;Vegetal Products;1021328
Russia;Animal Products;184181
Russia;Vegetal Products;2698916
Rwanda;Animal Products;133638
Rwanda;Vegetal Products;289603
Saint Kitts and Nevis;Animal Products;148911
Saint Kitts and Nevis;Vegetal Products;6120
Saint Lucia;Animal Products;177260
Saint Lucia;Vegetal Products;236
Saint Vincent and Grenadines;Animal Products;181585
Saint Vincent and Grenadines;Vegetal Products;50494
Samoa;Animal Products;119444
Samoa;Vegetal Products;0
Sao Tome and Principe;Animal Products;129196
Sao Tome and Principe;Vegetal Products;66716
Saudi Arabia;Animal Products;186239
Saudi Arabia;Vegetal Products;120183
Senegal;Animal Products;295381
Senegal;Vegetal Products;166494
Serbia;Animal Products;156491
Serbia;Vegetal Products;28798
Seychelles;Animal Products;144628
Seychelles;Vegetal Products;16002
Sierra Leone;Animal Products;190940
Sierra Leone;Vegetal Products;181024
Singapore;Animal Products;512462
Singapore;Vegetal Products;3802
Slovakia;Animal Products;116127
Slovakia;Vegetal Products;95629
Slovenia;Animal Products;121458
Slovenia;Vegetal Products;4824090
Solomon Islands;Animal Products;158038
Solomon Islands;Vegetal Products;34958
Somalia;Animal Products;827281
Somalia;Vegetal Products;583262
South Africa;Animal Products;176596
South Africa;Vegetal Products;400448
South Korea;Animal Products;175441
South Korea;Vegetal Products;428466
Spain;Animal Products;176200
Spain;Vegetal Products;499384
Sri Lanka;Animal Products;238485
Sri Lanka;Vegetal Products;336565
Sudan;Animal Products;160196
Sudan;Vegetal Products;835167
Suriname;Animal Products;274340
Suriname;Vegetal Products;462674
Swaziland;Animal Products;202889
Swaziland;Vegetal Products;85201
Sweden;Animal Products;98262
Sweden;Vegetal Products;104037
Switzerland;Animal Products;72349
Switzerland;Vegetal Products;218982
Syria;Animal Products;408781
Syria;Vegetal Products;432859
Tajikistan;Animal Products;864113
Tajikistan;Vegetal Products;861025
Tanzania;Animal Products;257274
Tanzania;Vegetal Products;1304130
Thailand;Animal Products;260547
Thailand;Vegetal Products;5113015
Togo;Animal Products;285478
Togo;Vegetal Products;1477320
Tokelau;Animal Products;533795
Tokelau;Vegetal Products;0
Tonga;Animal Products;602749
Tonga;Vegetal Products;0
Trinidad and Tobago;Animal Products;147675
Trinidad and Tobago;Vegetal Products;48899
Tunisia;Animal Products;440111
Tunisia;Vegetal Products;980625
Turkey;Animal Products;209365
Turkey;Vegetal Products;1998462
Turkmenistan;Animal Products;327378
Turkmenistan;Vegetal Products;132392
Tuvalu;Animal Products;514729
Tuvalu;Vegetal Products;0
Uganda;Animal Products;233605
Uganda;Vegetal Products;2113990
Ukraine;Animal Products;138049
Ukraine;Vegetal Products;1632007
United Arab Emirates;Animal Products;171108
United Arab Emirates;Vegetal Products;71691
United Kingdom;Animal Products;93099
United Kingdom;Vegetal Products;646860
United States of America;Animal Products;140674
United States of America;Vegetal Products;802202
Uruguay;Animal Products;136959
Uruguay;Vegetal Products;414842
Uzbekistan;Animal Products;216746
Uzbekistan;Vegetal Products;746037
Vanuatu;Animal Products;186860
Vanuatu;Vegetal Products;60047
Venezuela;Animal Products;227783
Venezuela;Vegetal Products;1048210
Viet Nam;Animal Products;195997
Viet Nam;Vegetal Products;1711542
Wallis and Futuna Is;Animal Products;700341
Wallis and Futuna Is;Vegetal Products;0
West Bank;Animal Products;0
West Bank;Vegetal Products;23852
Western Sahara;Animal Products;0
Western Sahara;Vegetal Products;1216
Yemen;Animal Products;202391
Yemen;Vegetal Products;633820
Zambia;Animal Products;199302
Zambia;Vegetal Products;325101
Zimbabwe;Animal Products;215878
Zimbabwe;Vegetal Products;367119
