﻿Country;Item;Y2019
Afghanistan;Animal Products;216843
Afghanistan;Vegetal Products;1875919
Albania;Animal Products;154062
Albania;Vegetal Products;1156932
Algeria;Animal Products;414449
Algeria;Vegetal Products;1520818
Angola;Animal Products;214734
Angola;Vegetal Products;4718645
Antigua and Barbuda;Animal Products;168987
Antigua and Barbuda;Vegetal Products;16075
Argentina;Animal Products;91760
Argentina;Vegetal Products;945724
Armenia;Animal Products;199733
Armenia;Vegetal Products;335445
Australia;Animal Products;164227
Australia;Vegetal Products;238834
Austria;Animal Products;79340
Austria;Vegetal Products;140307
Azerbaijan;Animal Products;182623
Azerbaijan;Vegetal Products;150673
Bahamas;Animal Products;184995
Bahamas;Vegetal Products;100128
Bangladesh;Animal Products;125529
Bangladesh;Vegetal Products;235206
Barbados;Animal Products;193385
Barbados;Vegetal Products;16199
Belarus;Animal Products;131503
Belarus;Vegetal Products;220811
Belgium;Animal Products;93899
Belgium;Vegetal Products;89562
Belize;Animal Products;223181
Belize;Vegetal Products;309019
Benin;Animal Products;259593
Benin;Vegetal Products;447467
Bhutan;Animal Products;1873694
Bhutan;Vegetal Products;708724
Bolivia;Animal Products;772299
Bolivia;Vegetal Products;609631
Bosnia and Herzegovina;Animal Products;185573
Bosnia and Herzegovina;Vegetal Products;43785
Botswana;Animal Products;228722
Botswana;Vegetal Products;286041
Brazil;Animal Products;191194
Brazil;Vegetal Products;1672455
British Virgin Islands;Animal Products;151413
British Virgin Islands;Vegetal Products;0
Brunei Darussalam;Animal Products;54184
Brunei Darussalam;Vegetal Products;130319
Bulgaria;Animal Products;302009
Bulgaria;Vegetal Products;502454
Burkina Faso;Animal Products;172748
Burkina Faso;Vegetal Products;1152905
Burundi;Animal Products;101382
Burundi;Vegetal Products;649889
Cambodia;Animal Products;219331
Cambodia;Vegetal Products;1030742
Cameroon;Animal Products;155252
Cameroon;Vegetal Products;1008783
Canada;Animal Products;141204
Canada;Vegetal Products;195233
Cape Verde;Animal Products;224377
Cape Verde;Vegetal Products;138369
Cayman Islands;Animal Products;0
Cayman Islands;Vegetal Products;10924
Central African Republic;Animal Products;114810
Central African Republic;Vegetal Products;3534188
Chad;Animal Products;209746
Chad;Vegetal Products;379697
Chile;Animal Products;105006
Chile;Vegetal Products;468187
China;Animal Products;157976
China;Vegetal Products;2156336
Colombia;Animal Products;167095
Colombia;Vegetal Products;1849029
Comoros;Animal Products;131460
Comoros;Vegetal Products;194906
Congo;Animal Products;203035
Congo;Vegetal Products;641778
Congo, Democratic Republic of the;Animal Products;278446
Congo, Democratic Republic of the;Vegetal Products;941469
Cook Islands;Animal Products;612879
Cook Islands;Vegetal Products;0
Costa Rica;Animal Products;135325
Costa Rica;Vegetal Products;488255
Cote d'Ivoire;Animal Products;195754
Cote d'Ivoire;Vegetal Products;3980055
Croatia;Animal Products;238916
Croatia;Vegetal Products;824895
Cuba;Animal Products;216860
Cuba;Vegetal Products;673240
Cyprus;Animal Products;310825
Cyprus;Vegetal Products;352745
Czech Republic;Animal Products;123644
Czech Republic;Vegetal Products;226939
Denmark;Animal Products;90733
Denmark;Vegetal Products;158163
Djibouti;Animal Products;200412
Djibouti;Vegetal Products;16893
Dominica;Animal Products;108548
Dominica;Vegetal Products;31995
Dominican Republic;Animal Products;256915
Dominican Republic;Vegetal Products;47538
East Timor;Animal Products;213843
East Timor;Vegetal Products;118685
Ecuador;Animal Products;300454
Ecuador;Vegetal Products;2465263
Egypt;Animal Products;295953
Egypt;Vegetal Products;904168
El Salvador;Animal Products;113108
El Salvador;Vegetal Products;774641
Equatorial Guinea;Animal Products;1006508
Equatorial Guinea;Vegetal Products;756085
Eritrea;Animal Products;272024
Eritrea;Vegetal Products;71557
Estonia;Animal Products;116536
Estonia;Vegetal Products;316168
Ethiopia;Animal Products;297329
Ethiopia;Vegetal Products;849489
Faeroe Islands;Animal Products;178938
Faeroe Islands;Vegetal Products;0
Falkland Isl;Animal Products;151761
Falkland Isl;Vegetal Products;0
Fiji;Animal Products;214184
Fiji;Vegetal Products;1019151
Finland;Animal Products;104441
Finland;Vegetal Products;87430
France;Animal Products;100745
France;Vegetal Products;613284
French Guiana;Animal Products;4847413
French Guiana;Vegetal Products;45857
French Polynesia;Animal Products;209873
French Polynesia;Vegetal Products;0
Gabon;Animal Products;177049
Gabon;Vegetal Products;1266185
Gambia;Animal Products;238013
Gambia;Vegetal Products;114795
Gaza Strip;Animal Products;0
Gaza Strip;Vegetal Products;35145
Georgia;Animal Products;281761
Georgia;Vegetal Products;150331
Germany;Animal Products;96308
Germany;Vegetal Products;296655
Ghana;Animal Products;255079
Ghana;Vegetal Products;764601
Greece;Animal Products;200141
Greece;Vegetal Products;1388478
Greenland;Animal Products;39275
Greenland;Vegetal Products;0
Grenada;Animal Products;131499
Grenada;Vegetal Products;31907
Guadeloupe;Animal Products;210198
Guadeloupe;Vegetal Products;31377
Guam;Animal Products;0
Guam;Vegetal Products;9163
Guatemala;Animal Products;232856
Guatemala;Vegetal Products;1749340
Guinea;Animal Products;199575
Guinea;Vegetal Products;1487483
Guinea-Bissau;Animal Products;206899
Guinea-Bissau;Vegetal Products;255276
Guyana;Animal Products;299292
Guyana;Vegetal Products;599552
Haiti;Animal Products;267988
Haiti;Vegetal Products;50851
Honduras;Animal Products;177924
Honduras;Vegetal Products;1307861
Hungary;Animal Products;486944
Hungary;Vegetal Products;2542002
Iceland;Animal Products;100464
Iceland;Vegetal Products;14690
India;Animal Products;207645
India;Vegetal Products;3011335
Indonesia;Animal Products;268146
Indonesia;Vegetal Products;2928195
Iran;Animal Products;218526
Iran;Vegetal Products;2280846
Iraq;Animal Products;518839
Iraq;Vegetal Products;1361638
Ireland;Animal Products;78563
Ireland;Vegetal Products;143088
Israel;Animal Products;251912
Israel;Vegetal Products;380558
Italy;Animal Products;141158
Italy;Vegetal Products;564400
Jamaica;Animal Products;186322
Jamaica;Vegetal Products;480992
Japan;Animal Products;118743
Japan;Vegetal Products;1368582
Jordan;Animal Products;331650
Jordan;Vegetal Products;181261
Kazakhstan;Animal Products;194322
Kazakhstan;Vegetal Products;748768
Kenya;Animal Products;194084
Kenya;Vegetal Products;645590
Kiribati;Animal Products;27089
Kiribati;Vegetal Products;0
Kuwait;Animal Products;180770
Kuwait;Vegetal Products;133274
Kyrgyzstan;Animal Products;169132
Kyrgyzstan;Vegetal Products;380417
Laos;Animal Products;211224
Laos;Vegetal Products;776637
Latvia;Animal Products;171267
Latvia;Vegetal Products;946574
Lebanon;Animal Products;257569
Lebanon;Vegetal Products;108211
Lesotho;Animal Products;207636
Lesotho;Vegetal Products;205259
Liberia;Animal Products;134105
Liberia;Vegetal Products;1669341
Libya;Animal Products;281434
Libya;Vegetal Products;882350
Lithuania;Animal Products;120055
Lithuania;Vegetal Products;1177628
Luxembourg;Animal Products;110985
Luxembourg;Vegetal Products;40845
Macedonia;Animal Products;183778
Macedonia;Vegetal Products;1125699
Madagascar;Animal Products;187079
Madagascar;Vegetal Products;920843
Malawi;Animal Products;270266
Malawi;Vegetal Products;1399938
Malaysia;Animal Products;258793
Malaysia;Vegetal Products;952912
Mali;Animal Products;360410
Mali;Vegetal Products;329984
Malta;Animal Products;160613
Malta;Vegetal Products;216716
Martinique;Animal Products;167171
Martinique;Vegetal Products;21002
Mauritania;Animal Products;271535
Mauritania;Vegetal Products;133953
Mauritius;Animal Products;204575
Mauritius;Vegetal Products;137627
Mexico;Animal Products;233089
Mexico;Vegetal Products;2210883
Micronesia,Fed States of;Animal Products;715204
Micronesia,Fed States of;Vegetal Products;0
Moldova;Animal Products;174376
Moldova;Vegetal Products;36591
Mongolia;Animal Products;344202
Mongolia;Vegetal Products;204231
Montenegro;Animal Products;156491
Montenegro;Vegetal Products;42503
Montserrat;Animal Products;188776
Montserrat;Vegetal Products;12791
Morocco;Animal Products;372551
Morocco;Vegetal Products;2428359
Mozambique;Animal Products;209906
Mozambique;Vegetal Products;737125
Myanmar;Animal Products;264156
Myanmar;Vegetal Products;1134526
Namibia;Animal Products;174093
Namibia;Vegetal Products;304102
Nauru;Animal Products;536885
Nauru;Vegetal Products;0
Nepal;Animal Products;289178
Nepal;Vegetal Products;1333568
Netherlands;Animal Products;77583
Netherlands;Vegetal Products;131896
Netherlands Antiles;Animal Products;426968
Netherlands Antiles;Vegetal Products;0
New Caledonia;Animal Products;170548
New Caledonia;Vegetal Products;143917
New Zealand;Animal Products;83710
New Zealand;Vegetal Products;286717
Nicaragua;Animal Products;145682
Nicaragua;Vegetal Products;1277286
Niger;Animal Products;311201
Niger;Vegetal Products;314692
Nigeria;Animal Products;219097
Nigeria;Vegetal Products;1649324
Niue;Animal Products;629245
Niue;Vegetal Products;0
North Korea;Animal Products;240700
North Korea;Vegetal Products;316965
Norway;Animal Products;96270
Norway;Vegetal Products;70298
Oman;Animal Products;194220
Oman;Vegetal Products;63958
Pakistan;Animal Products;225288
Pakistan;Vegetal Products;513766
Panama;Animal Products;122432
Panama;Vegetal Products;1020988
Papua New Guinea;Animal Products;705499
Papua New Guinea;Vegetal Products;690452
Paraguay;Animal Products;244004
Paraguay;Vegetal Products;891471
Peru;Animal Products;240084
Peru;Vegetal Products;1814067
Philippines;Animal Products;247530
Philippines;Vegetal Products;4783834
Poland;Animal Products;117384
Poland;Vegetal Products;1148927
Portugal;Animal Products;190408
Portugal;Vegetal Products;1020085
Puerto Rico;Animal Products;0
Puerto Rico;Vegetal Products;7048
Qatar;Animal Products;163145
Qatar;Vegetal Products;175640
Reunion;Animal Products;190783
Reunion;Vegetal Products;41998
Romania;Animal Products;160791
Romania;Vegetal Products;1547466
Russia;Animal Products;184181
Russia;Vegetal Products;4089266
Rwanda;Animal Products;133638
Rwanda;Vegetal Products;438793
Saint Kitts and Nevis;Animal Products;148911
Saint Kitts and Nevis;Vegetal Products;9272
Saint Lucia;Animal Products;177260
Saint Lucia;Vegetal Products;357
Saint Vincent and Grenadines;Animal Products;181585
Saint Vincent and Grenadines;Vegetal Products;76506
Samoa;Animal Products;119444
Samoa;Vegetal Products;0
Sao Tome and Principe;Animal Products;129196
Sao Tome and Principe;Vegetal Products;101085
Saudi Arabia;Animal Products;186239
Saudi Arabia;Vegetal Products;182096
Senegal;Animal Products;295381
Senegal;Vegetal Products;252263
Serbia;Animal Products;156491
Serbia;Vegetal Products;43633
Seychelles;Animal Products;144628
Seychelles;Vegetal Products;24246
Sierra Leone;Animal Products;190940
Sierra Leone;Vegetal Products;274279
Singapore;Animal Products;512462
Singapore;Vegetal Products;5761
Slovakia;Animal Products;116127
Slovakia;Vegetal Products;144893
Slovenia;Animal Products;121458
Slovenia;Vegetal Products;7309228
Solomon Islands;Animal Products;158038
Solomon Islands;Vegetal Products;52966
Somalia;Animal Products;827281
Somalia;Vegetal Products;883731
South Africa;Animal Products;176596
South Africa;Vegetal Products;606740
South Korea;Animal Products;175441
South Korea;Vegetal Products;649191
Spain;Animal Products;176200
Spain;Vegetal Products;756643
Sri Lanka;Animal Products;238485
Sri Lanka;Vegetal Products;509947
Sudan;Animal Products;160196
Sudan;Vegetal Products;1265404
Suriname;Animal Products;274340
Suriname;Vegetal Products;701021
Swaziland;Animal Products;202889
Swaziland;Vegetal Products;129092
Sweden;Animal Products;98262
Sweden;Vegetal Products;157632
Switzerland;Animal Products;72349
Switzerland;Vegetal Products;331791
Syria;Animal Products;408781
Syria;Vegetal Products;655847
Tajikistan;Animal Products;864113
Tajikistan;Vegetal Products;1304584
Tanzania;Animal Products;257274
Tanzania;Vegetal Products;1975954
Thailand;Animal Products;260547
Thailand;Vegetal Products;7746992
Togo;Animal Products;285478
Togo;Vegetal Products;2238364
Tokelau;Animal Products;533795
Tokelau;Vegetal Products;0
Tonga;Animal Products;602749
Tonga;Vegetal Products;0
Trinidad and Tobago;Animal Products;147675
Trinidad and Tobago;Vegetal Products;74090
Tunisia;Animal Products;440111
Tunisia;Vegetal Products;1485796
Turkey;Animal Products;209365
Turkey;Vegetal Products;3027972
Turkmenistan;Animal Products;327378
Turkmenistan;Vegetal Products;200594
Tuvalu;Animal Products;514729
Tuvalu;Vegetal Products;0
Uganda;Animal Products;233605
Uganda;Vegetal Products;3203015
Ukraine;Animal Products;138049
Ukraine;Vegetal Products;2472738
United Arab Emirates;Animal Products;171108
United Arab Emirates;Vegetal Products;108623
United Kingdom;Animal Products;93099
United Kingdom;Vegetal Products;980091
United States of America;Animal Products;140674
United States of America;Vegetal Products;1215458
Uruguay;Animal Products;136959
Uruguay;Vegetal Products;628549
Uzbekistan;Animal Products;216746
Uzbekistan;Vegetal Products;1130359
Vanuatu;Animal Products;186860
Vanuatu;Vegetal Products;90980
Venezuela;Animal Products;227783
Venezuela;Vegetal Products;1588197
Viet Nam;Animal Products;195997
Viet Nam;Vegetal Products;2593246
Wallis and Futuna Is;Animal Products;700341
Wallis and Futuna Is;Vegetal Products;0
West Bank;Animal Products;0
West Bank;Vegetal Products;36139
Western Sahara;Animal Products;0
Western Sahara;Vegetal Products;1843
Yemen;Animal Products;202391
Yemen;Vegetal Products;960334
Zambia;Animal Products;199302
Zambia;Vegetal Products;492578
Zimbabwe;Animal Products;215878
Zimbabwe;Vegetal Products;556241
